71;webbax.client@gmail.com;Germain;Tenthorey;fr
72;webbax.client@gmail.com;Germain;Tenthorey;fr
80;webbax.client@gmail.com;Germain;Tenthorey;fr
81;webbax.client@gmail.com;Germain;Tenthorey;fr
82;webbax.client@gmail.com;Germain;Tenthorey;fr
83;webbax.client@gmail.com;Germain;Tenthorey;fr
1337;webbax.client@gmail.com;Germain;Tenthorey;fr
1338;webbax.client@gmail.com;Germain;Tenthorey;fr
1339;webbax.client@gmail.com;Germain;Tenthorey;fr
1340;webbax.client@gmail.com;Germain;Tenthorey;fr
1341;webbax.client@gmail.com;Germain;Tenthorey;fr
1342;webbax.client@gmail.com;Germain;Tenthorey;fr
1343;webbax.client@gmail.com;Germain;Tenthorey;fr
